id	family	kind	rel_path	route	target	mode	status	reason	source_patch	effective_patch
2	Staging	tkg-patches	Staging/0002-winelib-Append-Staging-at-the-end-of-the-version-s.patch	wine	/home/mikhail/wcp-sources/andre-wine11-arm64ec	pending	pending	error: configure.ac: patch does not apply	/home/mikhail/Загрузки/wine-tkg-git-master(1) (2)/patches/Staging/0002-winelib-Append-Staging-at-the-end-of-the-version-s.patch	/home/mikhail/Загрузки/wine-tkg-git-master(1) (2)/patches/Staging/0002-winelib-Append-Staging-at-the-end-of-the-version-s.patch
3	advapi32-Token_Integrity_Level	tkg-patches	advapi32-Token_Integrity_Level/0001-advapi32-tests-Extend-security-label-token-integrity.patch	wine	/home/mikhail/wcp-sources/andre-wine11-arm64ec	pending	pending	error: dlls/advapi32/tests/security.c: patch does not apply	/home/mikhail/Загрузки/wine-tkg-git-master(1) (2)/patches/advapi32-Token_Integrity_Level/0001-advapi32-tests-Extend-security-label-token-integrity.patch	/home/mikhail/Загрузки/wine-tkg-git-master(1) (2)/patches/advapi32-Token_Integrity_Level/0001-advapi32-tests-Extend-security-label-token-integrity.patch
4	advapi32-Token_Integrity_Level	tkg-patches	advapi32-Token_Integrity_Level/0004-server-Implement-token-integrity-level.patch	wine	/home/mikhail/wcp-sources/andre-wine11-arm64ec	pending	pending	error: server/token.c: patch does not apply	/home/mikhail/Загрузки/wine-tkg-git-master(1) (2)/patches/advapi32-Token_Integrity_Level/0004-server-Implement-token-integrity-level.patch	/home/mikhail/Загрузки/wine-tkg-git-master(1) (2)/patches/advapi32-Token_Integrity_Level/0004-server-Implement-token-integrity-level.patch
41	dbghelp-Debug_Symbols	tkg-patches	dbghelp-Debug_Symbols/0001-dbghelp-Always-check-for-debug-symbols-in-BINDIR.patch	wine	/home/mikhail/wcp-sources/andre-wine11-arm64ec	pending	pending	error: dlls/dbghelp/Makefile.in: patch does not apply	/home/mikhail/Загрузки/wine-tkg-git-master(1) (2)/patches/dbghelp-Debug_Symbols/0001-dbghelp-Always-check-for-debug-symbols-in-BINDIR.patch	/home/mikhail/Загрузки/wine-tkg-git-master(1) (2)/patches/dbghelp-Debug_Symbols/0001-dbghelp-Always-check-for-debug-symbols-in-BINDIR.patch
45	dinput-joy-mappings	tkg-patches	dinput-joy-mappings/0001-dinput-Allow-empty-Joystick-mappings.patch	wine	/home/mikhail/wcp-sources/andre-wine11-arm64ec	pending	pending	error: dlls/dinput/tests/device8.c: patch does not apply	/home/mikhail/Загрузки/wine-tkg-git-master(1) (2)/patches/dinput-joy-mappings/0001-dinput-Allow-empty-Joystick-mappings.patch	/home/mikhail/Загрузки/wine-tkg-git-master(1) (2)/patches/dinput-joy-mappings/0001-dinput-Allow-empty-Joystick-mappings.patch
46	dinput-joy-mappings	tkg-patches	dinput-joy-mappings/0002-dinput-Support-username-in-Config-dialog.patch	wine	/home/mikhail/wcp-sources/andre-wine11-arm64ec	pending	pending	error: dlls/dinput/dinput_private.h: patch does not apply	/home/mikhail/Загрузки/wine-tkg-git-master(1) (2)/patches/dinput-joy-mappings/0002-dinput-Support-username-in-Config-dialog.patch	/home/mikhail/Загрузки/wine-tkg-git-master(1) (2)/patches/dinput-joy-mappings/0002-dinput-Support-username-in-Config-dialog.patch
47	dinput-joy-mappings	tkg-patches	dinput-joy-mappings/0003-dinput-Dont-allow-Fixed-actions-to-be-changed.patch	wine	/home/mikhail/wcp-sources/andre-wine11-arm64ec	pending	pending	error: dlls/dinput/config.c: patch does not apply	/home/mikhail/Загрузки/wine-tkg-git-master(1) (2)/patches/dinput-joy-mappings/0003-dinput-Dont-allow-Fixed-actions-to-be-changed.patch	/home/mikhail/Загрузки/wine-tkg-git-master(1) (2)/patches/dinput-joy-mappings/0003-dinput-Dont-allow-Fixed-actions-to-be-changed.patch
76	dsound-Fast_Mixer	tkg-patches	dsound-Fast_Mixer/0001-dsound-Add-a-linear-resampler-for-use-with-a-large-n.patch	wine	/home/mikhail/wcp-sources/andre-wine11-arm64ec	pending	pending	error: dlls/dsound/mixer.c: patch does not apply	/home/mikhail/Загрузки/wine-tkg-git-master(1) (2)/patches/dsound-Fast_Mixer/0001-dsound-Add-a-linear-resampler-for-use-with-a-large-n.patch	/home/mikhail/Загрузки/wine-tkg-git-master(1) (2)/patches/dsound-Fast_Mixer/0001-dsound-Add-a-linear-resampler-for-use-with-a-large-n.patch
291	mfplat-streaming-support	tkg-patches	mfplat-streaming-support/0025-winegstreamer-Report-streams-backwards-in-media-sour.patch	wine	/home/mikhail/wcp-sources/andre-wine11-arm64ec	pending	pending	error: dlls/winegstreamer/media_source.c: patch does not apply	/home/mikhail/Загрузки/wine-tkg-git-master(1) (2)/patches/mfplat-streaming-support/0025-winegstreamer-Report-streams-backwards-in-media-sour.patch	/home/mikhail/Загрузки/wine-tkg-git-master(1) (2)/patches/mfplat-streaming-support/0025-winegstreamer-Report-streams-backwards-in-media-sour.patch
292	mfplat-streaming-support	tkg-patches	mfplat-streaming-support/0038-winegstreamer-In-the-default-configuration-select-on.patch	wine	/home/mikhail/wcp-sources/andre-wine11-arm64ec	pending	pending	error: dlls/winegstreamer/media_source.c: patch does not apply	/home/mikhail/Загрузки/wine-tkg-git-master(1) (2)/patches/mfplat-streaming-support/0038-winegstreamer-In-the-default-configuration-select-on.patch	/home/mikhail/Загрузки/wine-tkg-git-master(1) (2)/patches/mfplat-streaming-support/0038-winegstreamer-In-the-default-configuration-select-on.patch
298	mshtml-adobe	tkg-patches	mshtml-adobe/0003-mshtml-msxml3-tests-Add-tests-for-XMLSerializer-and-.patch	wine	/home/mikhail/wcp-sources/andre-wine11-arm64ec	pending	pending	error: dlls/msxml3/tests/domdoc.c: patch does not apply	/home/mikhail/Загрузки/wine-tkg-git-master(1) (2)/patches/mshtml-adobe/0003-mshtml-msxml3-tests-Add-tests-for-XMLSerializer-and-.patch	/home/mikhail/Загрузки/wine-tkg-git-master(1) (2)/patches/mshtml-adobe/0003-mshtml-msxml3-tests-Add-tests-for-XMLSerializer-and-.patch
301	msxml3-FreeThreadedXMLHTTP60	tkg-patches	msxml3-FreeThreadedXMLHTTP60/0002-msxml3-Implement-FreeThreadedXMLHTTP60.patch	wine	/home/mikhail/wcp-sources/andre-wine11-arm64ec	pending	pending	error: dlls/msxml3/Makefile.in: patch does not apply	/home/mikhail/Загрузки/wine-tkg-git-master(1) (2)/patches/msxml3-FreeThreadedXMLHTTP60/0002-msxml3-Implement-FreeThreadedXMLHTTP60.patch	/home/mikhail/Загрузки/wine-tkg-git-master(1) (2)/patches/msxml3-FreeThreadedXMLHTTP60/0002-msxml3-Implement-FreeThreadedXMLHTTP60.patch
302	msxml3-FreeThreadedXMLHTTP60	tkg-patches	msxml3-FreeThreadedXMLHTTP60/0003-msxml3-Implement-IXMLHTTPRequest3-SetProperty.patch	wine	/home/mikhail/wcp-sources/andre-wine11-arm64ec	pending	pending	error: dlls/msxml3/httprequest.c: patch does not apply	/home/mikhail/Загрузки/wine-tkg-git-master(1) (2)/patches/msxml3-FreeThreadedXMLHTTP60/0003-msxml3-Implement-IXMLHTTPRequest3-SetProperty.patch	/home/mikhail/Загрузки/wine-tkg-git-master(1) (2)/patches/msxml3-FreeThreadedXMLHTTP60/0003-msxml3-Implement-IXMLHTTPRequest3-SetProperty.patch
303	msxml3-FreeThreadedXMLHTTP60	tkg-patches	msxml3-FreeThreadedXMLHTTP60/0004-msxml3-Correct-xml_http_request_2_GetResponseHeader.patch	wine	/home/mikhail/wcp-sources/andre-wine11-arm64ec	pending	pending	error: dlls/msxml3/httprequest.c: patch does not apply	/home/mikhail/Загрузки/wine-tkg-git-master(1) (2)/patches/msxml3-FreeThreadedXMLHTTP60/0004-msxml3-Correct-xml_http_request_2_GetResponseHeader.patch	/home/mikhail/Загрузки/wine-tkg-git-master(1) (2)/patches/msxml3-FreeThreadedXMLHTTP60/0004-msxml3-Correct-xml_http_request_2_GetResponseHeader.patch
304	msxml3-FreeThreadedXMLHTTP60	tkg-patches	msxml3-FreeThreadedXMLHTTP60/0005-msxml3-Treat-body-as-data-array-in-xml_http_request_.patch	wine	/home/mikhail/wcp-sources/andre-wine11-arm64ec	pending	pending	error: dlls/msxml3/httprequest.c: patch does not apply	/home/mikhail/Загрузки/wine-tkg-git-master(1) (2)/patches/msxml3-FreeThreadedXMLHTTP60/0005-msxml3-Treat-body-as-data-array-in-xml_http_request_.patch	/home/mikhail/Загрузки/wine-tkg-git-master(1) (2)/patches/msxml3-FreeThreadedXMLHTTP60/0005-msxml3-Treat-body-as-data-array-in-xml_http_request_.patch
305	msxml3-FreeThreadedXMLHTTP60	tkg-patches	msxml3-FreeThreadedXMLHTTP60/0006-msxml3-Try-to-get-body-size-from-stream-in-xml_http_.patch	wine	/home/mikhail/wcp-sources/andre-wine11-arm64ec	pending	pending	error: dlls/msxml3/httprequest.c: patch does not apply	/home/mikhail/Загрузки/wine-tkg-git-master(1) (2)/patches/msxml3-FreeThreadedXMLHTTP60/0006-msxml3-Try-to-get-body-size-from-stream-in-xml_http_.patch	/home/mikhail/Загрузки/wine-tkg-git-master(1) (2)/patches/msxml3-FreeThreadedXMLHTTP60/0006-msxml3-Try-to-get-body-size-from-stream-in-xml_http_.patch
306	msxml3-FreeThreadedXMLHTTP60	tkg-patches	msxml3-FreeThreadedXMLHTTP60/0007-msxml3-Don-t-fail-xml_http_request_2_IRtwqAsyncCallb.patch	wine	/home/mikhail/wcp-sources/andre-wine11-arm64ec	pending	pending	error: dlls/msxml3/httprequest.c: patch does not apply	/home/mikhail/Загрузки/wine-tkg-git-master(1) (2)/patches/msxml3-FreeThreadedXMLHTTP60/0007-msxml3-Don-t-fail-xml_http_request_2_IRtwqAsyncCallb.patch	/home/mikhail/Загрузки/wine-tkg-git-master(1) (2)/patches/msxml3-FreeThreadedXMLHTTP60/0007-msxml3-Don-t-fail-xml_http_request_2_IRtwqAsyncCallb.patch
317	ntdll-Hide_Wine_Exports	tkg-patches	ntdll-Hide_Wine_Exports/0001-ntdll-Add-support-for-hiding-wine-version-informatio.patch	wine	/home/mikhail/wcp-sources/andre-wine11-arm64ec	pending	pending	error: dlls/ntdll/loader.c: patch does not apply	/home/mikhail/Загрузки/wine-tkg-git-master(1) (2)/patches/ntdll-Hide_Wine_Exports/0001-ntdll-Add-support-for-hiding-wine-version-informatio.patch	/home/mikhail/winlator-wine-proton-arm64ec-wcp/ci/wine11-arm64ec/patch-overrides/wave6-selective-rebase/317.patch
318	ntdll-Junction_Points	tkg-patches	ntdll-Junction_Points/0024-ntdll-Add-support-for-creating-Unix-Linux-symlinks.patch	wine	/home/mikhail/wcp-sources/andre-wine11-arm64ec	pending	pending	error: include/winnt.h: patch does not apply	/home/mikhail/Загрузки/wine-tkg-git-master(1) (2)/patches/ntdll-Junction_Points/0024-ntdll-Add-support-for-creating-Unix-Linux-symlinks.patch	/home/mikhail/Загрузки/wine-tkg-git-master(1) (2)/patches/ntdll-Junction_Points/0024-ntdll-Add-support-for-creating-Unix-Linux-symlinks.patch
319	ntdll-Junction_Points	tkg-patches	ntdll-Junction_Points/0025-ntdll-Report-regular-Unix-symlinks-as-WSL-Linux-Unix.patch	wine	/home/mikhail/wcp-sources/andre-wine11-arm64ec	pending	pending	error: dlls/ntdll/unix/file.c: patch does not apply	/home/mikhail/Загрузки/wine-tkg-git-master(1) (2)/patches/ntdll-Junction_Points/0025-ntdll-Report-regular-Unix-symlinks-as-WSL-Linux-Unix.patch	/home/mikhail/Загрузки/wine-tkg-git-master(1) (2)/patches/ntdll-Junction_Points/0025-ntdll-Report-regular-Unix-symlinks-as-WSL-Linux-Unix.patch
321	ntdll-NtQueryVirtualMemory	tkg-patches	ntdll-NtQueryVirtualMemory/0005-ntdll-tests-Add-test-to-ensure-section-name-is-full-.patch	wine	/home/mikhail/wcp-sources/andre-wine11-arm64ec	pending	pending	error: dlls/ntdll/tests/info.c: patch does not apply	/home/mikhail/Загрузки/wine-tkg-git-master(1) (2)/patches/ntdll-NtQueryVirtualMemory/0005-ntdll-tests-Add-test-to-ensure-section-name-is-full-.patch	/home/mikhail/Загрузки/wine-tkg-git-master(1) (2)/patches/ntdll-NtQueryVirtualMemory/0005-ntdll-tests-Add-test-to-ensure-section-name-is-full-.patch
323	ntdll-NtQueryVirtualMemory	tkg-patches	ntdll-NtQueryVirtualMemory/0009-ntdll-Fixup-builtin-dll-names-in-get_section_name.patch	wine	/home/mikhail/wcp-sources/andre-wine11-arm64ec	pending	pending	error: dlls/ntdll/unix/virtual.c: patch does not apply	/home/mikhail/Загрузки/wine-tkg-git-master(1) (2)/patches/ntdll-NtQueryVirtualMemory/0009-ntdll-Fixup-builtin-dll-names-in-get_section_name.patch	/home/mikhail/Загрузки/wine-tkg-git-master(1) (2)/patches/ntdll-NtQueryVirtualMemory/0009-ntdll-Fixup-builtin-dll-names-in-get_section_name.patch
324	ntdll-RtlQueryPackageIdentity	tkg-patches	ntdll-RtlQueryPackageIdentity/0003-ntdll-tests-Add-basic-tests-for-RtlQueryPackageIdent.patch	wine	/home/mikhail/wcp-sources/andre-wine11-arm64ec	pending	pending	error: dlls/ntdll/tests/rtl.c: patch does not apply	/home/mikhail/Загрузки/wine-tkg-git-master(1) (2)/patches/ntdll-RtlQueryPackageIdentity/0003-ntdll-tests-Add-basic-tests-for-RtlQueryPackageIdent.patch	/home/mikhail/winlator-wine-proton-arm64ec-wcp/ci/wine11-arm64ec/patch-overrides/wave6-selective-rebase/324.patch
325	ntdll-Serial_Port_Detection	tkg-patches	ntdll-Serial_Port_Detection/0001-ntdll-Do-a-device-check-before-returning-a-default-s.patch	wine	/home/mikhail/wcp-sources/andre-wine11-arm64ec	pending	pending	error: dlls/mountmgr.sys/unixlib.c: patch does not apply	/home/mikhail/Загрузки/wine-tkg-git-master(1) (2)/patches/ntdll-Serial_Port_Detection/0001-ntdll-Do-a-device-check-before-returning-a-default-s.patch	/home/mikhail/Загрузки/wine-tkg-git-master(1) (2)/patches/ntdll-Serial_Port_Detection/0001-ntdll-Do-a-device-check-before-returning-a-default-s.patch
330	nvapi-Stub_DLL	tkg-patches	nvapi-Stub_DLL/0001-nvapi-First-implementation.patch	wine	/home/mikhail/wcp-sources/andre-wine11-arm64ec	pending	pending	error: configure.ac: patch does not apply	/home/mikhail/Загрузки/wine-tkg-git-master(1) (2)/patches/nvapi-Stub_DLL/0001-nvapi-First-implementation.patch	/home/mikhail/Загрузки/wine-tkg-git-master(1) (2)/patches/nvapi-Stub_DLL/0001-nvapi-First-implementation.patch
348	nvapi-Stub_DLL	tkg-patches	nvapi-Stub_DLL/0019-wined3d-Make-depth-bounds-test-into-a-proper-state.patch	wine	/home/mikhail/wcp-sources/andre-wine11-arm64ec	pending	pending	error: dlls/wined3d/wined3d_private.h: patch does not apply	/home/mikhail/Загрузки/wine-tkg-git-master(1) (2)/patches/nvapi-Stub_DLL/0019-wined3d-Make-depth-bounds-test-into-a-proper-state.patch	/home/mikhail/Загрузки/wine-tkg-git-master(1) (2)/patches/nvapi-Stub_DLL/0019-wined3d-Make-depth-bounds-test-into-a-proper-state.patch
349	nvapi-Stub_DLL	tkg-patches	nvapi-Stub_DLL/0020-d3d11-Introduce-a-COM-interface-to-retrieve-the-wine.patch	wine	/home/mikhail/wcp-sources/andre-wine11-arm64ec	pending	pending	error: dlls/d3d11/device.c: patch does not apply	/home/mikhail/Загрузки/wine-tkg-git-master(1) (2)/patches/nvapi-Stub_DLL/0020-d3d11-Introduce-a-COM-interface-to-retrieve-the-wine.patch	/home/mikhail/Загрузки/wine-tkg-git-master(1) (2)/patches/nvapi-Stub_DLL/0020-d3d11-Introduce-a-COM-interface-to-retrieve-the-wine.patch
350	nvapi-Stub_DLL	tkg-patches	nvapi-Stub_DLL/0021-nvapi-Implement-NvAPI_D3D11_SetDepthBoundsTest.patch	wine	/home/mikhail/wcp-sources/andre-wine11-arm64ec	pending	pending	error: dlls/wined3d/device.c: patch does not apply	/home/mikhail/Загрузки/wine-tkg-git-master(1) (2)/patches/nvapi-Stub_DLL/0021-nvapi-Implement-NvAPI_D3D11_SetDepthBoundsTest.patch	/home/mikhail/Загрузки/wine-tkg-git-master(1) (2)/patches/nvapi-Stub_DLL/0021-nvapi-Implement-NvAPI_D3D11_SetDepthBoundsTest.patch
380	server-Inherited_ACLs	tkg-patches	server-Inherited_ACLs/0001-server-Inherit-security-attributes-from-parent-direc.patch	wine	/home/mikhail/wcp-sources/andre-wine11-arm64ec	pending	pending	error: server/file.c: patch does not apply	/home/mikhail/Загрузки/wine-tkg-git-master(1) (2)/patches/server-Inherited_ACLs/0001-server-Inherit-security-attributes-from-parent-direc.patch	/home/mikhail/Загрузки/wine-tkg-git-master(1) (2)/patches/server-Inherited_ACLs/0001-server-Inherit-security-attributes-from-parent-direc.patch
381	server-PeekMessage	tkg-patches	server-PeekMessage/0001-server-Fix-handling-of-GetMessage-after-previous-Pee.patch	wine	/home/mikhail/wcp-sources/andre-wine11-arm64ec	pending	pending	error: server/queue.c: patch does not apply	/home/mikhail/Загрузки/wine-tkg-git-master(1) (2)/patches/server-PeekMessage/0001-server-Fix-handling-of-GetMessage-after-previous-Pee.patch	/home/mikhail/winlator-wine-proton-arm64ec-wcp/ci/wine11-arm64ec/patch-overrides/wave6-selective-rebase/381.patch
382	server-Signal_Thread	tkg-patches	server-Signal_Thread/0001-server-Do-not-signal-thread-until-it-is-really-gone.patch	wine	/home/mikhail/wcp-sources/andre-wine11-arm64ec	pending	pending	error: server/thread.c: patch does not apply	/home/mikhail/Загрузки/wine-tkg-git-master(1) (2)/patches/server-Signal_Thread/0001-server-Do-not-signal-thread-until-it-is-really-gone.patch	/home/mikhail/winlator-wine-proton-arm64ec-wcp/ci/wine11-arm64ec/patch-overrides/wave6-selective-rebase/382.patch
387	server-Stored_ACLs	tkg-patches	server-Stored_ACLs/0005-server-Store-file-security-attributes-with-extended-.patch	wine	/home/mikhail/wcp-sources/andre-wine11-arm64ec	pending	pending	error: server/file.c: patch does not apply	/home/mikhail/Загрузки/wine-tkg-git-master(1) (2)/patches/server-Stored_ACLs/0005-server-Store-file-security-attributes-with-extended-.patch	/home/mikhail/Загрузки/wine-tkg-git-master(1) (2)/patches/server-Stored_ACLs/0005-server-Store-file-security-attributes-with-extended-.patch
388	server-Stored_ACLs	tkg-patches	server-Stored_ACLs/0006-server-Convert-return-of-file-security-masks-with-ge.patch	wine	/home/mikhail/wcp-sources/andre-wine11-arm64ec	pending	pending	error: server/file.c: patch does not apply	/home/mikhail/Загрузки/wine-tkg-git-master(1) (2)/patches/server-Stored_ACLs/0006-server-Convert-return-of-file-security-masks-with-ge.patch	/home/mikhail/Загрузки/wine-tkg-git-master(1) (2)/patches/server-Stored_ACLs/0006-server-Convert-return-of-file-security-masks-with-ge.patch
389	server-Stored_ACLs	tkg-patches	server-Stored_ACLs/0007-server-Retrieve-file-security-attributes-with-extend.patch	wine	/home/mikhail/wcp-sources/andre-wine11-arm64ec	pending	pending	error: server/file.c: patch does not apply	/home/mikhail/Загрузки/wine-tkg-git-master(1) (2)/patches/server-Stored_ACLs/0007-server-Retrieve-file-security-attributes-with-extend.patch	/home/mikhail/Загрузки/wine-tkg-git-master(1) (2)/patches/server-Stored_ACLs/0007-server-Retrieve-file-security-attributes-with-extend.patch
390	shell32-ACE_Viewer	tkg-patches	shell32-ACE_Viewer/0002-shell32-Add-security-property-tab.patch	wine	/home/mikhail/wcp-sources/andre-wine11-arm64ec	pending	pending	error: dlls/shell32/shresdef.h: patch does not apply	/home/mikhail/Загрузки/wine-tkg-git-master(1) (2)/patches/shell32-ACE_Viewer/0002-shell32-Add-security-property-tab.patch	/home/mikhail/Загрузки/wine-tkg-git-master(1) (2)/patches/shell32-ACE_Viewer/0002-shell32-Add-security-property-tab.patch
392	shell32-Progress_Dialog	tkg-patches	shell32-Progress_Dialog/0001-shell32-Correct-indentation-in-shfileop.c.patch	wine	/home/mikhail/wcp-sources/andre-wine11-arm64ec	pending	pending	error: dlls/shell32/shlfileop.c: patch does not apply	/home/mikhail/Загрузки/wine-tkg-git-master(1) (2)/patches/shell32-Progress_Dialog/0001-shell32-Correct-indentation-in-shfileop.c.patch	/home/mikhail/Загрузки/wine-tkg-git-master(1) (2)/patches/shell32-Progress_Dialog/0001-shell32-Correct-indentation-in-shfileop.c.patch
393	shell32-Progress_Dialog	tkg-patches	shell32-Progress_Dialog/0002-shell32-Pass-FILE_INFORMATION-into-SHNotify-function.patch	wine	/home/mikhail/wcp-sources/andre-wine11-arm64ec	pending	pending	error: dlls/shell32/shlfileop.c: patch does not apply	/home/mikhail/Загрузки/wine-tkg-git-master(1) (2)/patches/shell32-Progress_Dialog/0002-shell32-Pass-FILE_INFORMATION-into-SHNotify-function.patch	/home/mikhail/Загрузки/wine-tkg-git-master(1) (2)/patches/shell32-Progress_Dialog/0002-shell32-Pass-FILE_INFORMATION-into-SHNotify-function.patch
394	shell32-Progress_Dialog	tkg-patches	shell32-Progress_Dialog/0003-shell32-Implement-file-operation-progress-dialog.patch	wine	/home/mikhail/wcp-sources/andre-wine11-arm64ec	pending	pending	error: dlls/shell32/shlfileop.c: patch does not apply	/home/mikhail/Загрузки/wine-tkg-git-master(1) (2)/patches/shell32-Progress_Dialog/0003-shell32-Implement-file-operation-progress-dialog.patch	/home/mikhail/Загрузки/wine-tkg-git-master(1) (2)/patches/shell32-Progress_Dialog/0003-shell32-Implement-file-operation-progress-dialog.patch
395	shell32-Progress_Dialog	tkg-patches	shell32-Progress_Dialog/0004-shell32-Show-animation-during-SHFileOperation.patch	wine	/home/mikhail/wcp-sources/andre-wine11-arm64ec	pending	pending	error: dlls/shell32/shlfileop.c: patch does not apply	/home/mikhail/Загрузки/wine-tkg-git-master(1) (2)/patches/shell32-Progress_Dialog/0004-shell32-Show-animation-during-SHFileOperation.patch	/home/mikhail/Загрузки/wine-tkg-git-master(1) (2)/patches/shell32-Progress_Dialog/0004-shell32-Show-animation-during-SHFileOperation.patch
1398	user32-Mouse_Message_Hwnd	tkg-patches	user32-Mouse_Message_Hwnd/0001-user32-Try-harder-to-find-a-target-for-mouse-message.patch	wine	/home/mikhail/wcp-sources/andre-wine11-arm64ec	pending	pending	error: dlls/win32u/message.c: patch does not apply	/home/mikhail/Загрузки/wine-tkg-git-master(1) (2)/patches/user32-Mouse_Message_Hwnd/0001-user32-Try-harder-to-find-a-target-for-mouse-message.patch	/home/mikhail/Загрузки/wine-tkg-git-master(1) (2)/patches/user32-Mouse_Message_Hwnd/0001-user32-Try-harder-to-find-a-target-for-mouse-message.patch
1399	user32-Mouse_Message_Hwnd	tkg-patches	user32-Mouse_Message_Hwnd/0005-server-Add-support-for-a-layered-window-region.-v2.patch	wine	/home/mikhail/wcp-sources/andre-wine11-arm64ec	pending	pending	error: server/window.c: patch does not apply	/home/mikhail/Загрузки/wine-tkg-git-master(1) (2)/patches/user32-Mouse_Message_Hwnd/0005-server-Add-support-for-a-layered-window-region.-v2.patch	/home/mikhail/Загрузки/wine-tkg-git-master(1) (2)/patches/user32-Mouse_Message_Hwnd/0005-server-Add-support-for-a-layered-window-region.-v2.patch
1414	user32-rawinput-mouse	tkg-patches	user32-rawinput-mouse/0007-winex11-Send-relative-RawMotion-events-position-unpr.patch	wine	/home/mikhail/wcp-sources/andre-wine11-arm64ec	pending	pending	error: dlls/winex11.drv/mouse.c: patch does not apply	/home/mikhail/Загрузки/wine-tkg-git-master(1) (2)/patches/user32-rawinput-mouse/0007-winex11-Send-relative-RawMotion-events-position-unpr.patch	/home/mikhail/Загрузки/wine-tkg-git-master(1) (2)/patches/user32-rawinput-mouse/0007-winex11-Send-relative-RawMotion-events-position-unpr.patch
1417	uxtheme-GTK_Theming	tkg-patches	uxtheme-GTK_Theming/0000-Revert-uxtheme-Build-with-msvcrt.patch	wine	/home/mikhail/wcp-sources/andre-wine11-arm64ec	pending	pending	error: dlls/uxtheme/stylemap.c: patch does not apply	/home/mikhail/Загрузки/wine-tkg-git-master(1) (2)/patches/uxtheme-GTK_Theming/0000-Revert-uxtheme-Build-with-msvcrt.patch	/home/mikhail/Загрузки/wine-tkg-git-master(1) (2)/patches/uxtheme-GTK_Theming/0000-Revert-uxtheme-Build-with-msvcrt.patch
1418	uxtheme-GTK_Theming	tkg-patches	uxtheme-GTK_Theming/0001-uxtheme-Initial-implementation-of-GTK-backend.patch	wine	/home/mikhail/wcp-sources/andre-wine11-arm64ec	pending	pending	error: dlls/uxtheme/uxthemedll.h: patch does not apply	/home/mikhail/Загрузки/wine-tkg-git-master(1) (2)/patches/uxtheme-GTK_Theming/0001-uxtheme-Initial-implementation-of-GTK-backend.patch	/home/mikhail/Загрузки/wine-tkg-git-master(1) (2)/patches/uxtheme-GTK_Theming/0001-uxtheme-Initial-implementation-of-GTK-backend.patch
1419	uxtheme-GTK_Theming	tkg-patches	uxtheme-GTK_Theming/0002-makefiles-Only-apply-non-include-path-EXTRAINCL-flag.patch	wine	/home/mikhail/wcp-sources/andre-wine11-arm64ec	pending	pending	error: tools/makedep.c: patch does not apply	/home/mikhail/Загрузки/wine-tkg-git-master(1) (2)/patches/uxtheme-GTK_Theming/0002-makefiles-Only-apply-non-include-path-EXTRAINCL-flag.patch	/home/mikhail/Загрузки/wine-tkg-git-master(1) (2)/patches/uxtheme-GTK_Theming/0002-makefiles-Only-apply-non-include-path-EXTRAINCL-flag.patch
1426	vkd3d-latest	tkg-patches	vkd3d-latest/0002-Updated-vkd3d-to-aa811c10496800846b465c22a8a79a1e254.patch	wine	/home/mikhail/wcp-sources/andre-wine11-arm64ec	pending	pending	error: libs/vkd3d/libs/vkd3d-shader/dxil.c: patch does not apply	/home/mikhail/Загрузки/wine-tkg-git-master(1) (2)/patches/vkd3d-latest/0002-Updated-vkd3d-to-aa811c10496800846b465c22a8a79a1e254.patch	/home/mikhail/Загрузки/wine-tkg-git-master(1) (2)/patches/vkd3d-latest/0002-Updated-vkd3d-to-aa811c10496800846b465c22a8a79a1e254.patch
1427	vkd3d-latest	tkg-patches	vkd3d-latest/0003-Updated-vkd3d-to-9460ef71cdb549e109d27f64929d2b85522.patch	wine	/home/mikhail/wcp-sources/andre-wine11-arm64ec	pending	pending	error: libs/vkd3d/libs/vkd3d-shader/d3d_asm.c: patch does not apply	/home/mikhail/Загрузки/wine-tkg-git-master(1) (2)/patches/vkd3d-latest/0003-Updated-vkd3d-to-9460ef71cdb549e109d27f64929d2b85522.patch	/home/mikhail/Загрузки/wine-tkg-git-master(1) (2)/patches/vkd3d-latest/0003-Updated-vkd3d-to-9460ef71cdb549e109d27f64929d2b85522.patch
1448	wined3d-Indexed_Vertex_Blending	tkg-patches	wined3d-Indexed_Vertex_Blending/0004-wined3d-Allow-higher-world-matrix-states.patch	wine	/home/mikhail/wcp-sources/andre-wine11-arm64ec	pending	pending	error: dlls/wined3d/wined3d_private.h: patch does not apply	/home/mikhail/Загрузки/wine-tkg-git-master(1) (2)/patches/wined3d-Indexed_Vertex_Blending/0004-wined3d-Allow-higher-world-matrix-states.patch	/home/mikhail/Загрузки/wine-tkg-git-master(1) (2)/patches/wined3d-Indexed_Vertex_Blending/0004-wined3d-Allow-higher-world-matrix-states.patch
1449	wined3d-Indexed_Vertex_Blending	tkg-patches	wined3d-Indexed_Vertex_Blending/0005-wined3d-Support-indexed-vertex-blending.patch	wine	/home/mikhail/wcp-sources/andre-wine11-arm64ec	pending	pending	error: dlls/wined3d/wined3d_private.h: patch does not apply	/home/mikhail/Загрузки/wine-tkg-git-master(1) (2)/patches/wined3d-Indexed_Vertex_Blending/0005-wined3d-Support-indexed-vertex-blending.patch	/home/mikhail/Загрузки/wine-tkg-git-master(1) (2)/patches/wined3d-Indexed_Vertex_Blending/0005-wined3d-Support-indexed-vertex-blending.patch
1450	wined3d-SWVP-shaders	tkg-patches	wined3d-SWVP-shaders/0001-wined3d-Use-UBO-for-vertex-shader-float-constants-if.patch	wine	/home/mikhail/wcp-sources/andre-wine11-arm64ec	pending	pending	error: dlls/wined3d/wined3d_private.h: patch does not apply	/home/mikhail/Загрузки/wine-tkg-git-master(1) (2)/patches/wined3d-SWVP-shaders/0001-wined3d-Use-UBO-for-vertex-shader-float-constants-if.patch	/home/mikhail/Загрузки/wine-tkg-git-master(1) (2)/patches/wined3d-SWVP-shaders/0001-wined3d-Use-UBO-for-vertex-shader-float-constants-if.patch
1451	wined3d-SWVP-shaders	tkg-patches	wined3d-SWVP-shaders/0002-d3d9-Support-SWVP-vertex-shader-float-constants-limi.patch	wine	/home/mikhail/wcp-sources/andre-wine11-arm64ec	pending	pending	error: dlls/d3d9/device.c: patch does not apply	/home/mikhail/Загрузки/wine-tkg-git-master(1) (2)/patches/wined3d-SWVP-shaders/0002-d3d9-Support-SWVP-vertex-shader-float-constants-limi.patch	/home/mikhail/Загрузки/wine-tkg-git-master(1) (2)/patches/wined3d-SWVP-shaders/0002-d3d9-Support-SWVP-vertex-shader-float-constants-limi.patch
1452	wined3d-SWVP-shaders	tkg-patches	wined3d-SWVP-shaders/0003-wined3d-Report-actual-vertex-shader-float-constants-.patch	wine	/home/mikhail/wcp-sources/andre-wine11-arm64ec	pending	pending	error: dlls/wined3d/wined3d_private.h: patch does not apply	/home/mikhail/Загрузки/wine-tkg-git-master(1) (2)/patches/wined3d-SWVP-shaders/0003-wined3d-Report-actual-vertex-shader-float-constants-.patch	/home/mikhail/Загрузки/wine-tkg-git-master(1) (2)/patches/wined3d-SWVP-shaders/0003-wined3d-Report-actual-vertex-shader-float-constants-.patch
1453	wined3d-SWVP-shaders	tkg-patches	wined3d-SWVP-shaders/0004-wined3d-Support-SWVP-vertex-shader-constants-limit-i.patch	wine	/home/mikhail/wcp-sources/andre-wine11-arm64ec	pending	pending	error: dlls/wined3d/wined3d_private.h: patch does not apply	/home/mikhail/Загрузки/wine-tkg-git-master(1) (2)/patches/wined3d-SWVP-shaders/0004-wined3d-Support-SWVP-vertex-shader-constants-limit-i.patch	/home/mikhail/Загрузки/wine-tkg-git-master(1) (2)/patches/wined3d-SWVP-shaders/0004-wined3d-Support-SWVP-vertex-shader-constants-limit-i.patch
1454	wined3d-SWVP-shaders	tkg-patches	wined3d-SWVP-shaders/0005-wined3d-Support-SWVP-mode-vertex-shaders.patch	wine	/home/mikhail/wcp-sources/andre-wine11-arm64ec	pending	pending	error: dlls/wined3d/wined3d_private.h: patch does not apply	/home/mikhail/Загрузки/wine-tkg-git-master(1) (2)/patches/wined3d-SWVP-shaders/0005-wined3d-Support-SWVP-mode-vertex-shaders.patch	/home/mikhail/Загрузки/wine-tkg-git-master(1) (2)/patches/wined3d-SWVP-shaders/0005-wined3d-Support-SWVP-mode-vertex-shaders.patch
1459	winedevice-Default_Drivers	tkg-patches	winedevice-Default_Drivers/0001-win32k.sys-Add-stub-driver.patch	wine	/home/mikhail/wcp-sources/andre-wine11-arm64ec	pending	pending	error: loader/wine.inf.in: patch does not apply	/home/mikhail/Загрузки/wine-tkg-git-master(1) (2)/patches/winedevice-Default_Drivers/0001-win32k.sys-Add-stub-driver.patch	/home/mikhail/Загрузки/wine-tkg-git-master(1) (2)/patches/winedevice-Default_Drivers/0001-win32k.sys-Add-stub-driver.patch
1462	winedevice-Default_Drivers	tkg-patches	winedevice-Default_Drivers/0004-programs-winedevice-Load-some-common-drivers-and-fix.patch	wine	/home/mikhail/wcp-sources/andre-wine11-arm64ec	pending	pending	error: dlls/ntoskrnl.exe/tests/driver.c: patch does not apply	/home/mikhail/Загрузки/wine-tkg-git-master(1) (2)/patches/winedevice-Default_Drivers/0004-programs-winedevice-Load-some-common-drivers-and-fix.patch	/home/mikhail/Загрузки/wine-tkg-git-master(1) (2)/patches/winedevice-Default_Drivers/0004-programs-winedevice-Load-some-common-drivers-and-fix.patch
1464	wineps.drv-PostScript_Fixes	tkg-patches	wineps.drv-PostScript_Fixes/0004-wineps.drv-Add-support-for-GETFACENAME-and-DOWNLOADF.patch	wine	/home/mikhail/wcp-sources/andre-wine11-arm64ec	pending	pending	error: dlls/wineps.drv/psdrv.h: patch does not apply	/home/mikhail/Загрузки/wine-tkg-git-master(1) (2)/patches/wineps.drv-PostScript_Fixes/0004-wineps.drv-Add-support-for-GETFACENAME-and-DOWNLOADF.patch	/home/mikhail/Загрузки/wine-tkg-git-master(1) (2)/patches/wineps.drv-PostScript_Fixes/0004-wineps.drv-Add-support-for-GETFACENAME-and-DOWNLOADF.patch
1467	winex11-Fixed-scancodes	tkg-patches	winex11-Fixed-scancodes/0001-winecfg-Move-input-config-options-to-a-dedicated-tab.patch	wine	/home/mikhail/wcp-sources/andre-wine11-arm64ec	pending	pending	error: programs/winecfg/winecfg.rc: patch does not apply	/home/mikhail/Загрузки/wine-tkg-git-master(1) (2)/patches/winex11-Fixed-scancodes/0001-winecfg-Move-input-config-options-to-a-dedicated-tab.patch	/home/mikhail/Загрузки/wine-tkg-git-master(1) (2)/patches/winex11-Fixed-scancodes/0001-winecfg-Move-input-config-options-to-a-dedicated-tab.patch
1469	winex11-Fixed-scancodes	tkg-patches	winex11-Fixed-scancodes/0003-winex11-Write-supported-keyboard-layout-list-in-regi.patch	wine	/home/mikhail/wcp-sources/andre-wine11-arm64ec	pending	pending	error: dlls/winex11.drv/x11drv_main.c: patch does not apply	/home/mikhail/Загрузки/wine-tkg-git-master(1) (2)/patches/winex11-Fixed-scancodes/0003-winex11-Write-supported-keyboard-layout-list-in-regi.patch	/home/mikhail/Загрузки/wine-tkg-git-master(1) (2)/patches/winex11-Fixed-scancodes/0003-winex11-Write-supported-keyboard-layout-list-in-regi.patch
1470	winex11-Fixed-scancodes	tkg-patches	winex11-Fixed-scancodes/0004-winecfg-Add-a-keyboard-layout-selection-config-optio.patch	wine	/home/mikhail/wcp-sources/andre-wine11-arm64ec	pending	pending	error: programs/winecfg/winecfg.rc: patch does not apply	/home/mikhail/Загрузки/wine-tkg-git-master(1) (2)/patches/winex11-Fixed-scancodes/0004-winecfg-Add-a-keyboard-layout-selection-config-optio.patch	/home/mikhail/Загрузки/wine-tkg-git-master(1) (2)/patches/winex11-Fixed-scancodes/0004-winecfg-Add-a-keyboard-layout-selection-config-optio.patch
1471	winex11-Fixed-scancodes	tkg-patches	winex11-Fixed-scancodes/0005-winex11-Use-the-user-configured-keyboard-layout-if-a.patch	wine	/home/mikhail/wcp-sources/andre-wine11-arm64ec	pending	pending	error: dlls/winex11.drv/x11drv_main.c: patch does not apply	/home/mikhail/Загрузки/wine-tkg-git-master(1) (2)/patches/winex11-Fixed-scancodes/0005-winex11-Use-the-user-configured-keyboard-layout-if-a.patch	/home/mikhail/Загрузки/wine-tkg-git-master(1) (2)/patches/winex11-Fixed-scancodes/0005-winex11-Use-the-user-configured-keyboard-layout-if-a.patch
1472	winex11-Fixed-scancodes	tkg-patches	winex11-Fixed-scancodes/0006-winecfg-Add-a-keyboard-scancode-detection-toggle-opt.patch	wine	/home/mikhail/wcp-sources/andre-wine11-arm64ec	pending	pending	error: programs/winecfg/winecfg.rc: patch does not apply	/home/mikhail/Загрузки/wine-tkg-git-master(1) (2)/patches/winex11-Fixed-scancodes/0006-winecfg-Add-a-keyboard-scancode-detection-toggle-opt.patch	/home/mikhail/Загрузки/wine-tkg-git-master(1) (2)/patches/winex11-Fixed-scancodes/0006-winecfg-Add-a-keyboard-scancode-detection-toggle-opt.patch
1474	winex11-Fixed-scancodes	tkg-patches	winex11-Fixed-scancodes/0008-winex11-Support-fixed-X11-keycode-to-scancode-conver.patch	wine	/home/mikhail/wcp-sources/andre-wine11-arm64ec	pending	pending	error: dlls/winex11.drv/x11drv_main.c: patch does not apply	/home/mikhail/Загрузки/wine-tkg-git-master(1) (2)/patches/winex11-Fixed-scancodes/0008-winex11-Support-fixed-X11-keycode-to-scancode-conver.patch	/home/mikhail/Загрузки/wine-tkg-git-master(1) (2)/patches/winex11-Fixed-scancodes/0008-winex11-Support-fixed-X11-keycode-to-scancode-conver.patch
1476	winex11-WM_WINDOWPOSCHANGING	tkg-patches	winex11-WM_WINDOWPOSCHANGING/0001-winex11.drv-Send-WM_WINDOWPOSCHANGING-WM_WINDOWPOSCH.patch	wine	/home/mikhail/wcp-sources/andre-wine11-arm64ec	pending	pending	error: dlls/winex11.drv/event.c: patch does not apply	/home/mikhail/Загрузки/wine-tkg-git-master(1) (2)/patches/winex11-WM_WINDOWPOSCHANGING/0001-winex11.drv-Send-WM_WINDOWPOSCHANGING-WM_WINDOWPOSCH.patch	/home/mikhail/Загрузки/wine-tkg-git-master(1) (2)/patches/winex11-WM_WINDOWPOSCHANGING/0001-winex11.drv-Send-WM_WINDOWPOSCHANGING-WM_WINDOWPOSCH.patch
1482	wininet-Cleanup	tkg-patches	wininet-Cleanup/0004-wininet-Strip-filename-if-no-path-is-set-in-cookie.patch	wine	/home/mikhail/wcp-sources/andre-wine11-arm64ec	pending	pending	error: dlls/wininet/tests/http.c: patch does not apply	/home/mikhail/Загрузки/wine-tkg-git-master(1) (2)/patches/wininet-Cleanup/0004-wininet-Strip-filename-if-no-path-is-set-in-cookie.patch	/home/mikhail/Загрузки/wine-tkg-git-master(1) (2)/patches/wininet-Cleanup/0004-wininet-Strip-filename-if-no-path-is-set-in-cookie.patch
